Title,Content,Author,Error
${escape(e.title)},${escape(e.content)},${escape(e.author)},${escape(e.error)}
${escape(e.title)},${escape(e.content)},${escape(e.author)},${escape(e.error)}
${escape(e.title)},${escape(e.content)},${escape(e.author)},${escape(e.error)}
${escape(e.title)},${escape(e.content)},${escape(e.author)},${escape(e.error)}
${escape(e.title)},${escape(e.content)},${escape(e.author)},${escape(e.error)}
${escape(e.title)},${escape(e.content)},${escape(e.author)},${escape(e.error)}
${escape(e.title)},${escape(e.content)},${escape(e.author)},${escape(e.error)}
${escape(e.title)},${escape(e.content)},${escape(e.author)},${escape(e.error)}
${escape(e.title)},${escape(e.content)},${escape(e.author)},${escape(e.error)}
${escape(e.title)},${escape(e.content)},${escape(e.author)},${escape(e.error)}
${escape(e.title)},${escape(e.content)},${escape(e.author)},${escape(e.error)}
${escape(e.title)},${escape(e.content)},${escape(e.author)},${escape(e.error)}
${escape(e.title)},${escape(e.content)},${escape(e.author)},${escape(e.error)}
${escape(e.title)},${escape(e.content)},${escape(e.author)},${escape(e.error)}
${escape(e.title)},${escape(e.content)},${escape(e.author)},${escape(e.error)}
${escape(e.title)},${escape(e.content)},${escape(e.author)},${escape(e.error)}
${escape(e.title)},${escape(e.content)},${escape(e.author)},${escape(e.error)}
${escape(e.title)},${escape(e.content)},${escape(e.author)},${escape(e.error)}
${escape(e.title)},${escape(e.content)},${escape(e.author)},${escape(e.error)}
${escape(e.title)},${escape(e.content)},${escape(e.author)},${escape(e.error)}
${escape(e.title)},${escape(e.content)},${escape(e.author)},${escape(e.error)}
${escape(e.title)},${escape(e.content)},${escape(e.author)},${escape(e.error)}
${escape(e.title)},${escape(e.content)},${escape(e.author)},${escape(e.error)}
${escape(e.title)},${escape(e.content)},${escape(e.author)},${escape(e.error)}
