Question,Option1,Option2,Option3,Option4,CorrectIndex
What is the primary goal of our Innovation League?,Increase competition between teams,Build a culture of innovation and product mastery,Replace current product roadmap,Reduce operational costs only,2
Why must every hackathon idea reference Uniconnect capabilities?,To make presentations longer,Because judges prefer technical language,To ensure innovation is grounded in real product strengths,To restrict creativity,3
Which factor carries the highest weight in our innovation scoring model?,Innovation originality,Presentation quality,Product alignment,Team size,3
What does cross-functional teaming primarily improve?,Speed of coding only,Product understanding across departments,Individual performance ratings,Departmental independence,2
An idea that is creative but cannot be built using current capabilities should be scored highest in which category?,Feasibility,Innovation only,Product alignment,Effort clarity,2
What is the biggest risk of running innovation without product alignment?,More creativity,Too many practical solutions,Ideas that cannot be implemented,Better customer retention,3
Which of the following best describes sustainable innovation culture?,One annual hackathon,Continuous problem-solving using real capabilities,Top-down idea mandates,Only leadership-driven ideas,2
Why is feasibility important in scoring?,To reduce team motivation,To ensure ideas can realistically be implemented,To avoid technical discussions,To shorten judging time,2
What is the purpose of tracking feature usage in solutions?,Monitor employee mistakes,Measure product literacy and depth of application,Increase documentation work,Limit innovation scope,2
Which mindset best supports innovation?,Avoid risk completely,Wait for leadership direction,Experiment, learn, iterate,Copy competitors quickly,3
Why are larger teams (6 members) better for innovation learning?,More internal knowledge sharing,Less discussion required,Faster voting process,Fewer perspectives,1
What should happen to top hackathon ideas?,Archive them,Share internally only,Move them toward prototype and implementation,Reward and forget,3
Which is a sign of strong product understanding?,Using buzzwords frequently,Referencing specific modules and workflows clearly,Speaking confidently only,High slide count,2
What is the value of AI scoring in the league?,Remove human judges completely,Provide consistent and structured evaluation,Replace leadership input,Automate presentations,2
Innovation culture succeeds when?,Leadership supports and implements winning ideas,Teams compete aggressively,Rewards are high,Rules are strict,1
What is the main benefit of gamification in innovation?,Increase pressure,Encourage engagement and participation,Reduce workload,Limit collaboration,2
Which question aligns best with product-driven innovation?,How can we redesign the office?,How can Uniconnect reduce churn using AI analytics?,How can we hire faster?,How can we change team names?,2
What transforms a good idea into a great innovation?,Slide design quality,Clear measurable business impact,Team popularity,Short presentation time,2
Why is ROI estimation included in the hackathon?,To complicate scoring,To ensure ideas create measurable value,To increase documentation,To compare teams unfairly,2
What is the ultimate outcome of the Innovation League?,One winning team,Company-wide innovation capability and product mastery,Annual celebration event only,More internal emails,2
